PLANT,PART_NAME,SERVICE_TYPE,FLOW_TYPE,STP_CD,ONESAP_LOT,PROCESS_BEFORE_QTY,PROCESS_AFTER_QTY,STATUS,LOT_CREATE_DATE,
SG21,MN2WS0230A2N,T,E,ST11S0000068,UBH3U042.1,120,0,AC,03/25/2017,
SG21,MIP5310MTSCF,F,E,ST31S0000033,UCE9R024.1,652,0,WT,09/26/2014,
SG21,MIP8360MT1S0,F,E,ST31S0000035,UCE95012.1,0,2000,OW,09/05/2014,
SG21,MIP0223SY1HD,F,E,ST31S0000035,UCF6T040.1,0,500,OW,04/06/2015,
SG21,MIP0223SY1HD,F,E,ST31S0000035,UCF6T038.1,0,500,OW,04/06/2015,
SG21,MIP2E4DMY0LE,F,E,ST31S0000033,UCE7V508.1,34,0,WT,07/31/2014,
SG21,MIP2E4DMY0LP,F,E,ST31S0000033,UCE7V564.1,24,0,WT,07/31/2014,
SG21,AN6916,F,E,ST31S0000070,UCE7V582.1,416,0,WT,07/31/2014,
SG21,AN7513,F,E,ST31S0000070,UCE7V498.1,1145,0,WT,07/31/2014,
SG21,AN17831A,F,E,ST31S0000070,UCEAU005.1,752,0,WT,10/23/2014,
SG21,MIP2F50MTSCF,F,E,ST31S0000033,UCG1V988.1,596,0,WT,01/08/2016,
SG21,AN1431T,F,E,ST31S0000070,UCG8C350.1,10031,0,WT,08/12/2016,
SG21,AN1431T,F,E,ST31S0000070,UCG8C330.1,12018,0,WT,08/12/2016,
SG21,AN1431T,F,E,ST31S0000070,UCG8C339.1,6280,0,WT,08/12/2016,
SG21,AN7190NK-LDG,F,E,ST31S0000070,UCE7V581.1,201,0,WT,07/31/2014,
SG21,AN17891AAE2V,T,E,ST31S0000155,UCE7V568.1,381,0,WT,07/31/2014,
SG21,AN8882SB-E1V,F,E,ST31S0000154,UCECB005.1,418,0,WT,12/10/2014,
SG21,MN2WS0230A3,T,E,ST11S0000065,UBF8J015.1,9,0,WT,08/11/2015,
SG21,MIP3J20MSSCF,F,E,ST31S0000033,UCG2ICSV.1,842,0,WT,02/04/2016,
SG21,AN22004A-VF,F,E,ST31S0000154,UCE7V531.1,1750,0,WT,07/31/2014,
SG21,AN44020A-VF,F,E,ST31S0000154,UCEAG029.1,1255,0,WT,10/08/2014,
SG21,AN44010A-VF,F,E,ST31S0000154,UCF6A016.1,1577,0,WT,06/05/2015,
SG21,MIP0227SY1S0,F,E,ST31S0000033,UCE7V537.1,695,0,WT,07/31/2014,
SG21,AN7705,F,E,ST31S0000070,UCE7V570.1,385,0,WT,07/31/2014,
SG21,AN7812A,F,E,ST31S0000070,UCE8P005.1,247,0,WT,07/31/2014,
SG21,AN7805F-LC,F,E,ST31S0000070,UCF8G003.1,349,0,WT,08/16/2015,
SG21,AN7815F-LC,F,E,ST31S0000072,UCF8R035.1,0,450,OW,04/21/2015,
SG21,AN7915F-LC,F,E,ST31S0000072,UCF6N040.1,0,450,OW,05/19/2015,
SG21,AN17807A,F,E,ST31S0000070,UCE7V422.1,68,0,WT,07/31/2014,
SG21,AN7299S-E1V,F,E,ST31S0000154,UCE7V528.1,1155,0,WT,07/31/2014,
SG21,AN6564NS-E1V,F,E,ST31S0000154,UCE7V512.1,758,0,WT,07/31/2014,
SG21,MN101AFB1AXX,F,E,ST31S0000155,UCE7V429.1,83,0,WT,07/31/2014,
SG21,AN78L05TA,F,E,ST31S0000070,UCE7V541.1,2379,0,WT,07/31/2014,
SG21,AN3320S-E1V,F,E,ST31S0000154,UCF7K016.1,1357,0,WT,07/19/2015,
SG21,MIP0050ME1BR,F,E,ST31S0000154,UCECH005.1,283,0,WT,12/10/2014,
SG21,AN13410A-VB,F,E,ST31S0000154,UCG2KDEO.1,969,0,WT,02/05/2016,
SG21,MN864729-EB,T,E,ST31S0000123,UCH3U026.1,0,2000,OW,03/28/2017,
SG21,MN2WS0230A2N,T,E,ST11S0000068,UBH3U037.1,0,120,EW,03/26/2017,
SG21,MN2WS0230A2N,T,E,ST11S0000068,UBH3U038.1,0,120,EW,03/26/2017,
SG21,MIP3E10MSSCF,F,E,ST31S0000033,UCE7V575.1,1148,0,WT,07/31/2014,
SG21,2PG503Y001HD,F,E,ST31S0000033,UCE9C005.1,72,0,WT,07/31/2014,
SG21,MIP2E4DMY1HD,F,E,ST31S0000033,UCF49008.1,23,0,WT,04/09/2015,
SG21,AN6754S-E2V,F,E,ST31S0000154,UCE7V596.1,107,0,WT,07/31/2014,
SG21,AN6597FJMEBV,F,E,ST31S0000120,UCE7V590.1,1418,0,WT,07/31/2014,
SG21,AN7708,F,E,ST31S0000070,UCE7V441.1,3369,0,WT,07/31/2014,
SG21,AN7815A,F,E,ST31S0000070,UCE7V553.1,293,0,WT,07/31/2014,
SG21,AN7915F-LC,F,E,ST31S0000072,UCF6N036.1,0,450,OW,05/19/2015,
SG21,AN7812F,F,E,ST31S0000070,UCFA3015.1,33,0,WT,08/05/2015,
SG21,MIP163000S,F,E,ST31S0000033,UCE7V452.1,418,0,WT,07/31/2014,
SG21,AN22002A-NF,F,E,ST31S0000154,UCE7V454.1,1274,0,WT,07/31/2014,
SG21,MN101EFA5AXW,F,E,ST31S0000155,UCF6T037.1,127,0,WT,05/14/2015,
SG21,MIP0224SY0LT,F,E,ST31S0000033,UCF9Q013.1,124,0,WT,09/26/2015,
SG21,MIP5620MSSCF,F,E,ST31S0000033,UCE7V523.1,294,0,WT,07/31/2014,
SG21,MIP8360MT1S0,F,E,ST31S0000035,UCE8M028.1,0,2000,OW,08/10/2014,
SG21,MIP160,F,E,ST31S0000033,UCE9B019.1,251,0,WT,09/10/2014,
SG21,MIP2930MY2GT,F,E,ST31S0000033,UCE7V469.1,1063,0,WT,07/31/2014,
SG21,AN6317SB-E1V,F,E,ST31S0000154,UCE7V492.1,903,0,WT,07/31/2014,
SG21,AN32250A-VB,F,E,ST31S0000120,UCE7V477.1,470,0,WT,07/31/2014,
SG21,MN101CD1DPDZ,F,E,ST31S0000123,UCF5S018.1,0,2000,OW,11/13/2014,
SG21,AN7708,F,E,ST31S0000070,UCE7V542.1,109,0,WT,07/31/2014,
SG21,AN7712,F,E,ST31S0000070,UCE9R025.1,212,0,WT,09/25/2014,
SG21,AN17822A,F,E,ST31S0000070,UCE7V545.1,404,0,WT,07/31/2014,
SG21,AN1431T,F,E,ST31S0000070,UCG8C183.1,11065,0,WT,08/12/2016,
SG21,AN7512,F,E,ST31S0000070,UCF7A010.1,185,0,WT,06/26/2015,
SG21,AN7465S-V,F,E,ST31S0000155,UCE9F008.1,784,0,WT,07/31/2014,
SG21,MIP2L70MY0LE,F,E,ST31S0000033,UCEBB018.1,425,0,WT,10/23/2014,
SG21,MIP0253STSCF,F,E,ST31S0000033,UCF65023.1,1998,0,WT,05/31/2015,
SG21,MN864729-EB,T,E,ST31S0000123,UCH3U108.1,0,2000,OW,03/28/2017,
SG21,MN2PS009,F,E,ST11S0000067,UBF78066.1,121,0,WT,07/08/2015,
SG21,MN2PS01511A,T,E,ST11S0000067,UBE9Q005.1,9,0,WT,09/23/2014,
SG21,MN5420,T,E,ST11S0000065,UBG8C218.1,141,0,WT,08/05/2016,
SG21,MN2WS0230A2N,T,E,ST11S0000067,UBH3U018.1,23,0,WT,03/25/2017,
SG21,MNBE48DAAUB,F,E,ST11S0000067,UBF1S017.1,151,0,WT,01/26/2015,
SG21,MIP2930MY,F,E,ST31S0000033,UCE7V576.1,358,0,WT,07/31/2014,
SG21,MIP2E7DMY1HD,F,E,ST31S0000033,UCEBG010.1,426,0,WT,11/14/2014,
SG21,MIP0122SY0LT,F,E,ST31S0000033,UCF6D027.1,622,0,WT,06/13/2015,
SG21,AN32183A-VF,F,E,ST31S0000155,UCH3U078.1,1000,0,WT,03/10/2017,
SG21,AN33012UA-VB,F,E,ST31S0000155,UCH3U056.1,1000,0,WT,03/16/2017,
SG21,AN6196SB-E2V,F,E,ST31S0000154,UCE7V597.1,659,0,WT,07/31/2014,
SG21,AN16990A-VFG,F,E,ST31S0000153,UCE7V600.1,170,0,WT,07/31/2014,
SG21,AN7805A,F,E,ST31S0000070,UCE9R023.1,795,0,WT,09/25/2014,
SG21,AN5281SC-E1V,F,E,ST31S0000154,UCE7V453.1,364,0,WT,07/31/2014,
SG21,AN7808,F,E,ST31S0000072,UCEA7013.1,0,400,OW,07/31/2014,
SG21,AN7512,F,E,ST31S0000072,UCF7U012.1,0,1000,OW,07/30/2015,
SG21,AN6767S-E1V,F,E,ST31S0000154,UCF2G020.1,1583,0,WT,12/24/2014,
SG21,MIP2910MTSCF,F,E,ST31S0000033,UCF98015.1,1891,0,WT,09/04/2015,
SG21,2SC1573BR1HD,F,E,ST41S0000029,UDE9L010.1,70,0,WT,08/15/2014,
SG21,MN89512RF1,F,E,ST11S0000065,UBG15458.1,220,0,WT,12/24/2015,
SG21,MIP0030MSSCF,F,E,ST31S0000033,UCE7V511.1,178,0,WT,07/31/2014,
SG21,MIP8360MT1S0,F,E,ST31S0000035,UCE9N043.1,0,2000,OW,08/10/2014,
SG21,AN44010A-VF,F,E,ST31S0000157,UCF6I026.1,0,2000,OW,06/05/2015,
SG21,AN44010A-VF,F,E,ST31S0000157,UCF69010.1,0,2000,OW,06/05/2015,
SG21,AN32183A-VF,F,E,ST31S0000155,UCH3U077.1,1000,0,WT,03/10/2017,
SG21,AN33012UA-VB,F,E,ST31S0000157,UCH3U055.1,1000,0,AC,03/16/2017,
SG21,AN32058A-VB,F,E,ST31S0000120,UCE7V574.1,386,0,HD,07/31/2014,
SG21,MN101CD1DPDZ,F,E,ST31S0000123,UCEBF005.1,0,2000,OW,11/13/2014,
SG21,MIP2E9DMY0LT,F,E,ST31S0000033,UCE7V593.1,36,0,WT,07/31/2014,
SG21,MIP826000L,F,E,ST31S0000032,UCF41003.1,523,0,WT,04/01/2015,
SG21,AN6755,F,E,ST31S0000070,UCE7V485.1,290,0,HD,07/31/2014,
SG21,AN78M15,F,E,ST31S0000070,UCF8E021.1,398,0,WT,04/12/2015,
SG21,AN7812F-LC,F,E,ST31S0000072,UCF5R009.1,0,450,OW,04/21/2015,
SG21,AN7815F-LC,F,E,ST31S0000070,UCF6R027.1,216,0,WT,04/21/2015,
SG21,AN7808F,F,E,ST31S0000070,UCFA2049.1,326,0,WT,08/05/2015,
SG21,AN7512,F,E,ST31S0000072,UCF7U013.1,0,1000,OW,07/30/2015,
SG21,AN7236,F,E,ST31S0000070,UCEAN020.1,448,0,WT,07/31/2014,
SG21,AN6742S-E1V,F,E,ST31S0000154,UCG31AOG.1,2011,0,WT,01/05/2016,
SG21,MN63Y1007-E1,F,E,ST31S0000154,UCF47005.1,1665,0,WT,03/23/2015,
SG21,2SC1573BR,F,E,ST41S0000029,UDE9N009.1,208,0,WT,08/15/2014,
SG21,MIP8360MT1S0,F,E,ST31S0000035,UCE8M030.1,0,2000,OW,08/10/2014,
SG21,MIP1630000V0,F,E,ST31S0000033,UCE7V566.1,29,0,WT,07/31/2014,
SG21,AN22000A-E1V,F,E,ST31S0000154,UCE7V532.1,661,0,WT,07/31/2014,
SG21,AN18101A-VF,F,E,ST31S0000154,UCE7V482.1,332,0,WT,07/31/2014,
SG21,MN101CB6GHA2,F,E,ST31S0000154,UCE7V479.1,671,0,WT,07/31/2014,
SG21,AN44010A-VF,F,E,ST31S0000157,UCF71014.1,0,2000,OW,06/05/2015,
SG21,AN44010A-VF,F,E,ST31S0000157,UCF6I024.1,0,2000,OW,06/05/2015,
SG21,AN7808,F,E,ST31S0000072,UCEA7015.1,0,400,OW,07/31/2014,
SG21,MIP5320MSSCF,F,E,ST31S0000033,UCEAG030.1,122,0,WT,10/16/2014,
SG21,AN44128ABVB,F,E,ST31S0000123,UCH3U098.1,0,5000,OW,03/06/2017,
SG21,MIP4110MTSCF,F,E,ST31S0000035,UCF4H020.1,0,2000,OW,04/10/2015,
SG21,MN63Y1210-E1,F,E,ST31S0000154,UCG22EMT.1,1061,0,WT,01/30/2016,
SG21,MN2PS009FX,F,E,ST11S0000067,UBF2N023.1,305,0,WT,02/23/2015,
SG21,MN2WS0230A2N,T,E,ST11S0000068,UBH3U041.1,0,120,EW,03/25/2017,
SG21,MIP3J20MS1DN,F,E,ST31S0000033,UCF9A048.1,964,0,WT,08/20/2015,
SG21,MIP8360MT1S0,F,E,ST31S0000035,UCE9N048.1,0,2000,OW,08/10/2014,
SG21,MIP0222SY0V0,F,E,ST31S0000033,UCE7V510.1,200,0,WT,07/31/2014,
SG21,MIP0223SY1HD,F,E,ST31S0000035,UCF6T042.1,0,500,OW,04/06/2015,
SG21,MIP0223SY1HD,F,E,ST31S0000035,UCF6T041.1,0,500,OW,04/06/2015,
SG21,AN44010A-VF,F,E,ST31S0000157,UCF71013.1,0,2000,OW,06/05/2015,
SG21,AN32183A-VF,F,E,ST31S0000157,UCH3U074.1,1000,0,AC,03/10/2017,
SG21,AN18403A-VB,F,E,ST31S0000120,UCE7V522.1,1864,0,WT,07/31/2014,
SG21,AN30888B-VB,F,E,ST31S0000120,UCE88012.1,1006,0,WT,08/08/2014,
SG21,AN8684NFHNBV,F,E,ST31S0000120,UCE7V467.1,247,0,WT,07/31/2014,
SG21,MN101CD1DPDZ,F,E,ST31S0000120,UCF4N010.1,3935,0,WT,11/13/2014,
SG21,MIP2E4DMY0LF,F,E,ST31S0000033,UCE7V536.1,451,0,WT,07/31/2014,
SG21,MIP0244SD2HD,F,E,ST31S0000035,UCF76010.1,0,800,OW,06/18/2015,
SG21,AN1431TTA,F,E,ST31S0000070,UCE7V572.1,2597,0,WT,07/31/2014,
SG21,AN7815FA-LC,F,E,ST31S0000070,UCF72030.1,127,0,WT,06/26/2015,
SG21,AN7815F-LC,F,E,ST31S0000072,UCF8R033.1,0,450,OW,04/21/2015,
SG21,AN7815F-LC,F,E,ST31S0000072,UCF77018.1,0,450,OW,03/13/2015,
SG21,AN5281NSCE1V,F,E,ST31S0000154,UCE7V432.1,706,0,WT,07/31/2014,
SG21,AN7512,F,E,ST31S0000072,UCF7U015.1,0,1000,OW,07/30/2015,
SG21,MN864729-EB,T,E,ST31S0000123,UCH3U100.1,0,2000,OW,03/24/2017,
SG21,MNBAFB1AEB1F,F,E,ST31S0000154,UCG21DSO.1,786,0,WT,01/05/2016,
SG21,MIP2F5SMS1DN,F,E,ST31S0000033,UCE7V525.1,463,0,WT,07/31/2014,
SG21,MIP5330MSSCF,F,E,ST31S0000033,UCE7V417.1,420,0,WT,07/31/2014,
SG21,MIP3E30MS1S0,F,E,ST31S0000033,UCF53014.1,1635,0,WT,03/26/2015,
SG21,MIP8360MT1S0,F,E,ST31S0000035,UCE9N049.1,0,2000,OW,08/10/2014,
SG21,MIP8360MT1S0,F,E,ST31S0000035,UCE9N046.1,0,2000,OW,08/10/2014,
SG21,MIP8360MT1S0,F,E,ST31S0000035,UCE9H014.1,0,2000,OW,08/10/2014,
SG21,MIP0122SY0V0,F,E,ST31S0000033,UCE7V538.1,1657,0,WT,07/31/2014,
SG21,MIP2E30MY,F,E,ST31S0000033,UCEB6013.1,2098,0,WT,10/23/2014,
SG21,AN44010A-VF,F,E,ST31S0000157,UCF6U005.1,0,2000,OW,06/05/2015,
SG21,MN101CD1DPDZ,F,E,ST31S0000123,UCF4N009.1,0,2000,OW,11/13/2014,
SG21,AN7141-NT,F,E,ST31S0000072,UCE7V495.1,0,1390,OW,07/31/2014,
SG21,NN30295A-VB,F,E,ST31S0000120,UCE7V521.1,1036,0,WT,07/31/2014,
SG21,AN7805,F,E,ST31S0000070,UCEAH015.1,296,0,WT,07/31/2014,
SG21,AN7812F-LC,F,E,ST31S0000072,UCF5R010.1,0,450,OW,04/21/2015,
SG21,AN7805FA,F,E,ST31S0000070,UCFA2047.1,223,0,WT,08/13/2015,
SG21,AN7915FA,F,E,ST31S0000070,UCF6M029.1,70,0,WT,05/19/2015,
SG21,AN7283S-E2V,F,E,ST31S0000154,UCE7V431.1,1476,0,HD,07/31/2014,
SG21,MNBAFB1ASK1,F,E,ST31S0000155,UCE7V549.1,381,0,WT,07/31/2014,
SG21,AN80T53,F,E,ST31S0000070,UCE7V435.1,1128,0,WT,07/31/2014,
SG21,MN2PS009,F,E,ST11S0000067,UBF78064.1,160,0,WT,07/08/2015,
SG21,MN89512RF1,F,E,ST11S0000067,UBFCP017.1,440,0,WT,12/24/2015,
SG21,MN2WS140DFF1,T,E,ST11S0000067,UBF28022.1,43,0,HD,02/07/2015,
SG21,MIP287AMSSCF,F,E,ST31S0000033,UCE7V451.1,1334,0,WT,07/31/2014,
SG21,MIP8360MT1S0,F,E,ST31S0000035,UCE9N045.1,0,2000,OW,08/10/2014,
SG21,MIP0223SY1HD,F,E,ST31S0000033,UCF5K023.1,40,0,WT,04/06/2015,
SG21,MIP2L30MY,F,E,ST31S0000033,UCF2A022.1,307,0,WT,02/05/2015,
SG21,MIP0124SY0LB,F,E,ST31S0000033,UCE7V577.1,835,0,WT,07/31/2014,
SG21,AN44010A-VF,F,E,ST31S0000157,UCF6J030.1,0,2000,OW,06/05/2015,
SG21,AN33012UA-VB,F,E,ST31S0000155,UCH3U052.1,1000,0,WT,03/16/2017,
SG21,AN18400A-VB,F,E,ST31S0000120,UCE7V507.1,102,0,WT,07/31/2014,
SG21,MIP8160001CS,F,E,ST31S0000032,UCE7V415.1,795,0,WT,07/31/2014,
SG21,MIP9L02MBS,F,E,ST31S0000033,UCE7V591.1,1880,0,WT,07/31/2014,
SG21,AN80T71-LC,F,E,ST31S0000070,UCE7V552.1,142,0,WT,07/31/2014,
SG21,AN7812F-LC,F,E,ST31S0000070,UCF5K024.1,79,0,WT,04/21/2015,
SG21,AN16996A-VB,F,E,ST31S0000120,UCE7V562.1,419,0,WT,07/31/2014,
SG21,AN44142A-VB,F,E,ST31S0000120,UCG1K685.1,7053,0,HD,01/20/2016,
SG21,MN101AFB1AXX,F,E,ST31S0000155,UCE7V490.1,267,0,WT,07/31/2014,
SG21,AN6383SB-E1V,F,E,ST31S0000154,UCE7V491.1,962,0,WT,07/31/2014,
SG21,AN80T32,F,E,ST31S0000070,UCE7V494.1,1106,0,WT,07/31/2014,
SG21,MIP0123SY,F,E,ST31S0000033,UCE7V578.1,74,0,WT,07/31/2014,
SG21,AN49135A-VB,F,E,ST31S0000120,UCFBJ016.1,299,0,WT,11/18/2015,
SG21,AN44116ABVB,F,E,ST31S0000123,UCH3U039.1,0,5000,OW,03/06/2017,
SG21,MIP5510MSSCF,F,E,ST31S0000033,UCECC005.1,189,0,WT,07/31/2014,
SG21,MIP2M40MS1S0,F,E,ST31S0000033,UCE7V592.1,671,0,WT,07/31/2014,
SG21,MIP8360MT1S0,F,E,ST31S0000035,UCE9H015.1,0,2000,OW,08/10/2014,
SG21,MIP8360MT1S0,F,E,ST31S0000035,UCE95013.1,0,2000,OW,09/05/2014,
SG21,MIP0223SY1HD,F,E,ST31S0000035,UCF6T039.1,0,500,OW,04/06/2015,
SG21,AN22000A-EAV,F,E,ST31S0000154,UCE7V567.1,423,0,WT,07/31/2014,
SG21,AN18167A-VB,F,E,ST31S0000153,UCE7V493.1,74,0,HD,07/31/2014,
SG21,AN47200A-VF,F,E,ST31S0000155,UCH3U080.1,2000,0,WT,03/20/2017,
SG21,AN32183A-VF,F,E,ST31S0000157,UCH3U075.1,1000,0,AC,03/10/2017,
SG21,AN33012UA-VB,F,E,ST31S0000155,UCH3U054.1,1000,0,WT,03/16/2017,
SG21,MN63Y2015-E1,F,E,ST31S0000154,UCE7V527.1,131,0,WT,07/31/2014,
SG21,AN5281NSCVFU,F,E,ST31S0000154,UCE7V419.1,1851,0,HD,07/31/2014,
SG21,AN22210A-VB,F,E,ST31S0000120,UCE7V547.1,439,0,WT,07/31/2014,
SG21,MIP0244SD2HD,F,E,ST31S0000033,UCF6J032.1,380,0,WT,06/18/2015,
SG21,AN79N12,F,E,ST31S0000072,UCE9Q019.1,0,96,OW,09/26/2014,
SG21,AN7815F-LC,F,E,ST31S0000072,UCF8R031.1,0,450,OW,04/21/2015,
SG21,AN7815F-LC,F,E,ST31S0000072,UCF6T043.1,0,450,OW,04/21/2015,
SG21,AN7915F-ALC,F,E,ST31S0000070,UCF8J014.1,10,0,WT,08/05/2015,
SG21,AN7915F-LC,F,E,ST31S0000072,UCF6N041.1,0,450,OW,05/19/2015,
SG21,AN7236,F,E,ST31S0000072,UCEBR022.1,0,1000,OW,07/31/2014,
SG21,MN101CA6DHB,F,E,ST31S0000154,UCF54005.1,1479,0,WT,04/21/2015,
SG21,AN7905TA,F,E,ST31S0000070,UCEA2020.1,6,0,WT,09/26/2014,
SG21,MN864729-EB,T,E,ST31S0000123,UCH3U084.1,0,2000,OW,03/28/2017,
SG21,MN2WS140DFF1,T,E,ST11S0000065,UBF2B010.1,42,0,HD,02/07/2015,
SG21,MIP0221SS2S0,F,E,ST31S0000033,UCE7V478.1,126,0,WT,07/31/2014,
SG21,MIP8360MT1S0,F,E,ST31S0000035,UCE9N042.1,0,2000,OW,08/10/2014,
SG21,MIP8360MT1S0,F,E,ST31S0000035,UCE9N047.1,0,2000,OW,08/10/2014,
SG21,MIP8360MT1S0,F,E,ST31S0000035,UCE9N044.1,0,2000,OW,08/10/2014,
SG21,AN34044A-VF,F,E,ST31S0000154,UCE7V598.1,269,0,WT,07/31/2014,
SG21,AN8471SA-E1V,F,E,ST31S0000154,UCF2K027.1,750,0,WT,02/18/2015,
SG21,AN44010A-VF,F,E,ST31S0000157,UCF71015.1,0,2000,OW,06/05/2015,
SG21,AN32183A-VF,F,E,ST31S0000155,UCH3U079.1,1000,0,WT,03/10/2017,
SG21,AN12973A-VB,F,E,ST31S0000120,UCE7V488.1,596,0,WT,07/31/2014,
SG21,AN33053A-VB,F,E,ST31S0000120,UCE7V468.1,1054,0,WT,07/31/2014,
SG21,AN22202A-VB,F,E,ST31S0000120,UCE7V462.1,1049,0,WT,07/31/2014,
SG21,AN78N05,F,E,ST31S0000070,UCE7V438.1,46,0,WT,07/31/2014,
SG21,AN7805FA-LC,F,E,ST31S0000070,UCFAL009.1,17,0,WT,10/21/2015,
SG21,AN7805F,F,E,ST31S0000070,UCE8H005.1,135,0,WT,08/15/2014,
SG21,AN6384SB-E1V,F,E,ST31S0000154,UCE96005.1,105,0,WT,08/22/2014,
SG21,MNBEFG9GXWV,F,E,ST31S0000123,UCH3U012.1,2000,0,AC,03/04/2017,
SG21,MN864729-EB,T,E,ST31S0000123,UCH3U071.1,0,2000,OW,03/28/2017,
SG21,MN864729-EB,T,E,ST31S0000123,UCH3U048.1,0,2000,OW,03/25/2017,
SG21,MIP0253SSSCF,F,E,ST31S0000033,UCF2J017.1,1264,0,WT,02/18/2015,
SG21,MIP3900MSSCF,F,E,ST31S0000033,UCF9F011.1,143,0,WT,09/12/2015,
SG21,MIP2900MSL,F,E,ST31S0000032,UCF3G016.1,606,0,WT,03/12/2015,
SG21,MIP8360MT1S0,F,E,ST31S0000035,UCE9N050.1,0,2000,OW,08/10/2014,
SG21,MIP8360MT1S0,F,E,ST31S0000035,UCE95011.1,0,2000,OW,09/05/2014,
SG21,MIP0223SY1HD,F,E,ST31S0000035,UCF5K022.1,0,500,OW,04/06/2015,
SG21,MIP0223SY0LB,F,E,ST31S0000033,UCE7V509.1,804,0,WT,07/31/2014,
SG21,AN44064A-VF,F,E,ST31S0000154,UCF7D017.1,343,0,WT,07/12/2015,
SG21,AN44010A-VF,F,E,ST31S0000157,UCF67011.1,0,2000,OW,06/05/2015,
SG21,AN32183A-VF,F,E,ST31S0000155,UCH3U076.1,1000,0,WT,03/10/2017,
SG21,AN33012UA-VB,F,E,ST31S0000155,UCH3U053.1,1000,0,WT,03/16/2017,
SG21,MIP4150MDSLK,F,E,ST31S0000033,UCEAI005.1,362,0,WT,10/16/2014,
SG21,AN7812,F,E,ST31S0000070,UCE8O015.1,373,0,WT,07/31/2014,
SG21,AN7805F-LC,F,E,ST31S0000070,UCE7V515.1,1664,0,WT,07/31/2014,
SG21,AN7815F-LC,F,E,ST31S0000072,UCF77019.1,0,450,OW,03/13/2015,
SG21,AN7915F-LC,F,E,ST31S0000072,UCF6N039.1,0,450,OW,05/19/2015,
SG21,AN7915F-LC,F,E,ST31S0000072,UCF62013.1,0,450,OW,05/19/2015,
SG21,AN8742FHNEBV,F,E,ST31S0000120,UCE7V506.1,1606,0,WT,07/31/2014,
SG21,MIP4110MTSCF,F,E,ST31S0000035,UCF4H021.1,0,2000,OW,04/10/2015,
SG21,MIP4110MTSCF,F,E,ST31S0000033,UCF4B005.1,1017,0,WT,04/10/2015,
SG21,MIP2N1AUKL,F,E,ST31S0000031,UCF3C033.1,467,0,WT,03/11/2015,
SG21,MN2WS140DFF1,T,E,ST11S0000067,UBF2B009.1,18,0,HD,02/07/2015,
SG21,MIP4110MSSCF,F,E,ST31S0000033,UCECE015.1,739,0,WT,12/05/2014,
SG21,MIP0124SY,F,E,ST31S0000033,UCE7V470.1,285,0,WT,07/31/2014,
SG21,AN18161A-VB,F,E,ST31S0000154,UCE7V455.1,966,0,WT,07/31/2014,
SG21,AN34043A-VF,F,E,ST31S0000154,UCFA8060.1,272,0,WT,10/05/2015,
SG21,AN34044AAVF,F,E,ST31S0000154,UCE7V551.1,940,0,WT,07/31/2014,
SG21,MNBCFD6GHCLF,F,E,ST31S0000154,UCE7V558.1,414,0,WT,07/31/2014,
SG21,AN5891K,F,E,ST31S0000070,UCE7V544.1,913,0,WT,07/31/2014,
SG21,AN7915F-LC,F,E,ST31S0000072,UCF6N035.1,0,450,OW,05/19/2015,
SG21,AN7815FA,F,E,ST31S0000070,UCF6T045.1,291,0,WT,06/26/2015,
SG21,AN78M05,F,E,ST31S0000070,UCEA2018.1,61,0,WT,09/25/2014,
SG21,AN6438SC-E1V,F,E,ST31S0000154,UCEA8010.1,702,0,WT,09/19/2014,
SG21,MIP166,F,E,ST31S0000033,UCF2A021.1,176,0,WT,02/05/2015,
SG21,AN1431TTATAB,F,E,ST31S0000068,UCEBB019.1,2515,0,WT,11/07/2014,
SG21,AN7915F-LC,F,E,ST31S0000070,UCF62015.1,260,0,WT,05/19/2015,
SG21,MN101CB6GHNF,F,E,ST31S0000154,UCF1U005.1,511,0,WT,01/22/2015,
SG21,MN89512RF1,F,E,ST11S0000065,UBG15459.1,113,0,WT,12/24/2015,
SG21,MN2PS01511A,T,E,ST11S0000067,UBEBI033.1,11,0,WT,11/15/2014,
SG21,MIP2130MS1TH,F,E,ST31S0000033,UCF3M011.1,620,0,WT,03/12/2015,
SG21,MIP2900MSL,F,E,ST31S0000035,UCF3S005.1,0,1000,OW,03/12/2015,
SG21,AN32183A-VF,F,E,ST31S0000157,UCH3U073.1,1000,0,AC,03/10/2017,
SG21,AN33012UA-VB,F,E,ST31S0000155,UCH3U057.1,1000,0,WT,03/16/2017,
SG21,MN3114QFN-E1,F,E,ST31S0000120,UCEB1005.1,556,0,WT,10/27/2014,
SG21,AN6784-NT,F,E,ST31S0000070,UCE7V516.1,250,0,WT,07/31/2014,
SG21,AN7915F-LC,F,E,ST31S0000072,UCF6N037.1,0,450,OW,05/19/2015,
SG21,AN78M08F,F,E,ST31S0000070,UCE9N041.1,249,0,WT,09/11/2014,
SG21,MIP2K20MT1S0,F,E,ST31S0000033,UCE7V450.1,1832,0,WT,07/31/2014,
SG21,AN7808,F,E,ST31S0000072,UCEA7014.1,0,400,OW,07/31/2014,
SG21,AN7808,F,E,ST31S0000070,UCE9R022.1,276,0,WT,07/31/2014,
SG21,AN1431T,F,E,ST31S0000070,UCG8C331.1,9985,0,WT,08/12/2016,
SG21,AN7512,F,E,ST31S0000074,UCF7A009.1,2457,0,WT,06/26/2015,
SG21,AN44132A-VB,F,E,ST31S0000123,UCH3U011.1,0,5000,OW,03/10/2017,
SG21,AN44116ABVB,F,E,ST31S0000123,UCH3U082.1,0,5000,OW,03/06/2017,
SG21,MN2WS0230A3,T,E,ST11S0000067,UBE7J010.1,8,0,WT,07/19/2014,
SG21,MIP8360MT1S0,F,E,ST31S0000033,UCE8M029.1,186,0,WT,08/10/2014,
SG21,AN15885A-VF,F,E,ST31S0000154,UCE7V420.1,466,0,WT,07/31/2014,
SG21,AN31910A-VF,F,E,ST31S0000154,UCE7V480.1,1922,0,WT,07/31/2014,
SG21,AN44010A-VF,F,E,ST31S0000157,UCF6H005.1,0,2000,OW,06/05/2015,
SG21,AN44010A-VF,F,E,ST31S0000157,UCF6I023.1,0,2000,OW,06/05/2015,
SG21,AN44010A-VF,F,E,ST31S0000157,UCF6J029.1,0,2000,OW,06/05/2015,
SG21,AN44010A-VF,F,E,ST31S0000157,UCF6A015.1,0,2000,OW,06/05/2015,
SG21,AN8437S-E1V,F,E,ST31S0000154,UCE7V594.1,671,0,WT,07/31/2014,
SG21,MN101CD1DPDZ,F,E,ST31S0000123,UCF5S019.1,0,2000,OW,11/13/2014,
SG21,MN101CD1DPDZ,F,E,ST31S0000123,UCF5S017.1,0,2000,OW,11/13/2014,
SG21,MN101CD1DPDZ,F,E,ST31S0000123,UCF4M011.1,0,2000,OW,11/13/2014,
SG21,MN87401-EB,F,E,ST31S0000120,UCE7V428.1,80,0,WT,07/31/2014,
SG21,AN30181A-VL,T,E,ST31S0000120,UCE7V461.1,138,0,WT,07/31/2014,
SG21,AN30185A-VL,T,E,ST31S0000120,UCE9J027.1,394,0,WT,09/19/2014,
SG21,MIP0225SY0LF,F,E,ST31S0000033,UCF5V009.1,354,0,WT,05/31/2015,
SG21,MIP0244SD2HD,F,E,ST31S0000035,UCF6J031.1,0,800,OW,06/18/2015,
SG21,AN7815A,F,E,ST31S0000070,UCF9G037.1,141,0,WT,09/10/2015,
SG21,AN7805F-LC,F,E,ST31S0000070,UCE7V465.1,228,0,WT,07/31/2014,
SG21,AN7915F-LC,F,E,ST31S0000072,UCF6N038.1,0,450,OW,05/19/2015,
SG21,MN101EFA0AXX,F,E,ST31S0000155,UCE7V550.1,152,0,WT,07/31/2014,
SG21,AN1431T,F,E,ST31S0000070,UCG8C342.1,8880,0,WT,08/12/2016,
SG21,NN30297A-VB,F,E,ST31S0000120,UCH3U002.1,2036,0,WT,03/15/2017,
SG21,AN18165A-VB,F,E,ST31S0000154,UCE8E010.1,52,0,WT,08/06/2014,
SG21,AN8249S-E1V,F,E,ST31S0000154,UCF83005.1,1370,0,WT,08/02/2015,
SG21,HULT273S01AU,F,E,(HL)0901,UFE6A010.1,691,0,RUN,06/07/2014,
SG21,HULT275S13PA,F,E,(HL)0901,UFF1N023.1,2024,0,RUN,01/23/2015,
SG21,HULT275S13PA,F,E,(HL)0901,UFF1N024.1,481,0,RUN,01/23/2015,
SG21,HUL6205S31AU,F,E,(HL)0901,UFFAT006.1,240,0,RUN,03/26/2015,
SG21,HUL6205S31AU,F,E,(HL)0901,UFFAU002.1,1853,0,RUN,03/26/2015,
SG21,HUL6205S31AU,F,E,(HL)0901,UFFAV004.1,1836,0,RUN,03/26/2015,
SG21,HUL7208S32AU,F,E,(HL)0901,UFFBP004.1,1958,0,RUN,11/23/2015,
SG21,HUL7212S31TN,F,E,(HL)0901,UFFCM008.1,1910,0,RUN,12/18/2015,
SG21,HUL7212S33PA,F,E,(HL)0901,UFG2C245.1,1286,0,ABN,02/05/2016,
SG21,HUL7212S33PA,F,E,(HL)0901,UFG2E467.1,1312,0,ABN,02/06/2016,
SG21,HUL7212S33PA,F,E,(HL)0901,UFG2E466.1,1285,0,HELD,02/12/2016,
SG21,HUL7212S33PA,F,E,(HL)0907,UFG2J533.1,1597,0,ABN,02/16/2016,
SG21,HUL7212S34PA,F,E,(HL)0901,UFG18004.1,1380,0,ABN,12/21/2015,
SG21,HUL7214S11MC,F,E,(HL)0901,UFFB9004.1,1572,0,RUN,11/08/2015,
SG21,HUL7215S11MC,F,E,(HL)0901,UFE8B004.1,1064,0,RUN,08/06/2014,
SG21,HUL7215S11MC,F,E,(HL)0904,UFE8C004.1,2015,0,RUN,08/06/2014,
SG21,HUL7216S11MC,F,E,(HL)0901,UFH3V261.1,1976,0,HELD,03/27/2017,
SG21,HUL7216S11MC,F,E,(HL)0901,UFH3V262.1,1932,0,HELD,03/27/2017,
SG21,HUL7216S11MC,F,E,(HL)0901,UFH3V265.1,1945,0,HELD,03/27/2017,
SG21,MN34031ALH-T,T,E,(CCD)0901,UEH41048.1,14,0,RUN,03/31/2017,
SG21,MN34124PAHWV,T,E,(CCD)0901,UEH41045.1,544,0,RUN,03/29/2017,
SG21,MN34124PAHWV,T,E,(CCD)0928,UEH41043.1,1877,0,RUN,03/29/2017,
SG21,MN34595PLHKV,E,E,(CCD)0901,UEH3U063.1,210,0,RUN,03/28/2017,
SG21,MIP2K30MTSCF,A,A,ST31S0000008,UCH3U021.1,7680,0,AC,03/29/2017,
SG21,MIP2K30MTSCF,A,A,ST31S0000006,UCH3U095.1,1,0,AC,03/29/2017,
SG21,AN7915F,T,T,ST31S0000062,UCE7V437.1,1299,0,WT,07/31/2014,
SG21,AN47200A-VF,A,A,ST31S0000135,UCH3U041.1,6400,0,AC,03/28/2017,
SG21,MIP2N1AUKL,A,A,ST31S0000006,UCH3U112.1,1,0,AC,03/25/2017,
SG21,2SC1573AQ,T,T,ST41S0000020,UDE9F009.1,737,0,WT,08/15/2014,
SG21,AN34043AAVF,T,T,ST31S0000148,UCH3U081.1,3200,0,WT,03/17/2017,
SG21,AN34043AAVF,T,T,ST31S0000148,UCH3U109.1,3200,0,WT,03/17/2017,
SG21,AN34043AAVF,T,T,ST31S0000148,UCH3U104.1,3200,0,WT,03/17/2017,
SG21,AN7915F,T,T,ST31S0000062,UCF77017.1,1317,0,WT,05/19/2015,
SG21,AN7915F,T,T,ST31S0000062,UCF5S020.1,2522,0,WT,05/19/2015,
SG21,AN7915F,T,T,ST31S0000062,UCE9D020.1,2338,0,WT,09/08/2014,
SG21,MIP3820MTSCF,A,A,ST31S0000008,UCH3U034.1,5120,0,AC,02/01/2017,
SG21,MIP3820MTSCF,A,A,ST31S0000008,UCH3U038.1,5120,0,AC,02/01/2017,
SG21,AN41917A-VB,A,A,ST31S0000082,UCG2PEPL.1,920,0,HD,02/24/2016,
SG21,AN12800UA-VB,A,A,ST31S0000091,UCH3U051.1,5120,0,WT,03/27/2017,
SG21,AN7812A,A,A,ST31S0000168,UCE8O014.1,4361,0,WT,07/31/2014,
SG21,AN7915F,T,T,ST31S0000062,UCF72026.1,2288,0,WT,05/19/2015,
SG21,AN7915F,T,T,ST31S0000062,UCEC4025.1,3554,0,WT,11/29/2014,
SG21,AN7915F,T,T,ST31S0000062,UCF5T017.1,2228,0,WT,05/19/2015,
SG21,MIP3550MTSCF,A,A,ST31S0000006,UCH3U093.1,1,0,AC,03/18/2017,
SG21,AN32180A-VB,A,A,ST31S0000091,UCH3U032.1,5760,0,WT,03/27/2017,
SG21,AN78M08F,T,T,ST31S0000062,UCE9J028.1,2377,0,WT,09/11/2014,
SG21,AN34043AAVF,T,T,ST31S0000148,UCH3U060.1,3200,0,WT,03/17/2017,
SG21,AN34043AAVF,T,T,ST31S0000148,UCH3U016.1,3200,0,WT,03/17/2017,
SG21,AN7915F,T,T,ST31S0000062,UCF5T018.1,2821,0,WT,05/19/2015,
SG21,AN7915F,T,T,ST31S0000062,UCF62014.1,2121,0,WT,05/19/2015,
SG21,AN33030UA-VB,A,A,ST31S0000083,UCH3T005.1,1,0,AC,03/28/2017,
SG21,AN32183A-VF,A,A,ST31S0000135,UCH3U068.1,8000,0,AC,03/17/2017,
SG21,AN33012UA-VB,T,T,ST31S0000148,UCG22EML.1,7486,0,HD,01/14/2016,
SG21,2SC1573AQ,T,T,ST41S0000020,UDE9N010.1,104,0,WT,08/15/2014,
SG21,MIP3J20MS1DN,A,A,ST31S0000003,UCF9A043.1,23614,0,WT,09/10/2015,
SG21,AN7915F,T,T,ST31S0000062,UCE7V569.1,1660,0,WT,07/31/2014,
SG21,AN44116ABVB,A,A,ST31S0000171,UCH3U010.1,68241,0,WT,03/28/2017,
SG21,AN6438SC-E1V,T,T,ST31S0000148,UCEAP005.1,2842,0,WT,09/19/2014,
SG21,AN33014UA-VB,A,A,ST31S0000135,UCH3U044.1,8000,0,AC,03/25/2017,
SG21,AN47200A-VF,T,T,ST31S0000148,UCH3T006.1,3200,0,WT,03/20/2017,
SG21,AN7915F,T,T,ST31S0000062,UCE9I010.1,3851,0,WT,09/08/2014,
SG21,AN47200A-VF,A,A,ST31S0000135,UCH3U004.1,6400,0,AC,03/28/2017,
SG21,AN7915F,T,T,ST31S0000062,UCF5T019.1,2107,0,WT,05/19/2015,
SG21,AN7915F,T,T,ST31S0000062,UCE9K015.1,2517,0,WT,09/08/2014,
SG21,2SC1573AR,T,T,ST41S0000020,UDE9F010.1,250,0,WT,08/15/2014,
SG21,MIP3J20MS1DN,A,A,ST31S0000003,UCF9G033.1,73661,0,WT,09/16/2015,
SG21,MIP2K30MTSCF,A,A,ST31S0000008,UCH3T001.1,7680,0,AC,03/29/2017,
SG21,AN7712,A,A,ST31S0000043,UCEBI005.1,2193,0,WT,11/18/2014,
SG21,AN7808,A,A,ST31S0000168,UCE8K009.1,21733,0,WT,07/31/2014,
SG21,AN34043AAVF,T,T,ST31S0000148,UCH3U110.1,3200,0,WT,03/17/2017,
SG21,AN32180A-VB,A,A,ST31S0000091,UCH3U089.1,5760,0,WT,03/27/2017,
SG21,AN6767S-E1V,A,A,ST31S0000177,UCF21005.1,5662,0,WT,12/24/2014,
SG21,AN33012UA-VB,T,T,ST31S0000148,UCG22EMJ.1,7523,0,HD,01/14/2016,
SG21,AN47200A-VF,T,T,ST31S0000148,UCH3U007.1,3200,0,WT,03/20/2017,
SG21,AN7915F,T,T,ST31S0000062,UCF72027.1,2068,0,WT,05/19/2015,
SG21,2SC1573AQ,T,T,ST41S0000020,UDE9B005.1,838,0,WT,08/15/2014,
SG21,AN7805A,A,A,ST31S0000043,UCE9P016.1,2171,0,WT,09/25/2014,
SG21,AN7283S-E2V,T,T,ST31S0000159,UCE7V529.1,302,0,HD,07/31/2014,
SG21,AN7709F,A,A,ST31S0000043,UCE7V554.1,4452,0,WT,07/31/2014,
SG21,AN47200A-VF,T,T,ST31S0000148,UCH3U006.1,3200,0,WT,03/20/2017,
SG21,AN7915F,T,T,ST31S0000062,UCF72025.1,1093,0,WT,03/15/2015,
SG21,MIP2K30MTSCF,A,A,ST31S0000008,UCH3U018.1,7680,0,AC,03/29/2017,
SG21,AN7712,A,A,ST31S0000044,UCEBR021.1,2243,0,WT,11/18/2014,
SG21,AN7812,A,A,ST31S0000168,UCE8B010.1,2213,0,WT,07/31/2014,
SG21,AN7808F,A,A,ST31S0000043,UCF85026.1,2194,0,WT,08/05/2015,
SG21,AN17822A,T,T,ST31S0000064,UCE7V583.1,796,0,WT,07/31/2014,
SG21,MIP2K30MTSCF,A,A,ST31S0000008,UCH3U062.1,7680,0,AC,03/29/2017,
SG21,AN7805,A,A,ST31S0000043,UCE7V439.1,8951,0,WT,07/31/2014,
SG21,AN7812F,A,A,ST31S0000168,UCFA2046.1,588,0,WT,08/05/2015,
SG21,AN33012UA-VB,T,T,ST31S0000148,UCG23DYO.1,7441,0,HD,01/14/2016,
SG21,AN33012UA-VB,T,T,ST31S0000148,UCG22EMU.1,7509,0,HD,01/14/2016,
SG21,AN7915F,T,T,ST31S0000062,UCF8Q008.1,1814,0,WT,08/05/2015,
SG21,AN7915F,T,T,ST31S0000062,UCF8R029.1,1012,0,WT,08/05/2015,
SG21,MIP3820MTSCF,A,A,ST31S0000006,UCH3U065.1,1,0,AC,02/01/2017,
SG21,AN32183A-VF,A,A,ST31S0000135,UCH3U036.1,8000,0,AC,03/17/2017,
SG21,AN7915F,T,T,ST31S0000062,UCF73017.1,1839,0,WT,05/19/2015,
SG21,AN7915F,T,T,ST31S0000062,UCF72029.1,2419,0,WT,05/19/2015,
SG21,2SC1573AR,T,T,ST41S0000020,UDE9J005.1,363,0,WT,08/15/2014,
SG21,AN7915F,T,T,ST31S0000062,UCE7V436.1,802,0,WT,07/31/2014,
SG21,AN7808,A,A,ST31S0000168,UCE8K010.1,2230,0,WT,07/31/2014,
SG21,AN7915F,T,T,ST31S0000062,UCE9D019.1,2032,0,WT,09/08/2014,
SG21,MIP3550MTSCF,A,A,ST31S0000008,UCH3U045.1,7680,0,AC,03/18/2017,
SG21,AN44010A-VF,A,A,ST31S0000130,UCF6B003.1,2321,0,WT,06/11/2015,
SG21,AN44116ABVB,A,A,ST31S0000082,UCH3U009.1,73812,0,AC,03/28/2017,
SG21,AN33014UA-VB,A,A,ST31S0000135,UCH3U008.1,7960,0,AC,03/25/2017,
SG21,AN7915F,T,T,ST31S0000062,UCF5T020.1,1547,0,WT,05/19/2015,
SG21,2SC1573AQ,T,T,ST41S0000020,UDE9C005.1,200,0,WT,08/15/2014,
SG21,HULT276S14PA,A,A,(HL)0766,UFG1R005.1,2022,0,ABN,01/25/2016,
SG21,HULT276S14PA,A,A,(HL)0766,UFG1R006.1,2023,0,ABN,01/25/2016,
SG21,HULT276S14PA,A,A,(HL)0770,UFG1S036.1,1650,0,ABN,01/26/2016,
SG21,HUL6205S31AU,A,A,(HL)0610,UFF3Q029.1,1416,0,RUN,03/26/2015,
SG21,HUL6205S31AU,A,A,(HL)0610,UFF3Q030.1,3451,0,RUN,03/26/2015,
SG21,HUL7212S31TN,A,A,(HL)0610,UFFCI006.1,2211,0,RUN,12/18/2015,
SG21,HUL7212S32AP,A,A,(HL)0650,UFH3V280.1,2108,0,HELD,03/26/2017,
SG21,HUL7214S11MC,A,A,(HL)0610,UFFB8006.1,4218,0,RUN,11/08/2015,
SG21,HUL7258S01S0,A,A,(HL)0610,UFF8B010.1,217,0,RUN,08/11/2015,
SG21,MN34031AL,T,T,(CCD)0768,UEH3U052.1,12,0,RUN,01/14/2017,
SG21,MN34031AL,T,T,(CCD)0768,UEH3U055.1,40,0,RUN,12/07/2016,
SG21,MN34031AL,T,T,(CCD)0768,UEH3U054.1,81,0,RUN,03/09/2017,
SG21,MN34031AL,T,T,(CCD)0768,UEH3U053.1,74,0,RUN,01/14/2017,
SG21,MN34112PA,T,T,(CCD)0768,UEH3U036.1,285,0,RUN,03/01/2017,
SG21,MN34112PA,T,T,(CCD)0768,UEH3U037.1,112,0,RUN,11/25/2016,
SG21,MN34112PA,T,T,(CCD)0768,UEH3U038.1,279,0,RUN,11/29/2016,
SG21,MN34222PLS,T,T,(CCD)0768,UEH3U012.1,77,0,RUN,11/04/2016,
SG21,MN34222PLS,T,T,(CCD)0768,UEH3U013.1,14,0,RUN,11/28/2016,
SG21,SNEA110180C0_SBT,A,A,ST11S0000009,UBE6Q010.1,1257,0,HD,06/26/2014,
SG21,SNEA110140C0_SBT,A,A,ST11S0000013,UBEC8028.1,6,0,HD,12/08/2014,
SG21,MN2PS01511A,T,T,ST11S0000064,UBFC5031.1,5,0,WT,12/03/2015,
SG21,MN2PS01511A,T,T,ST11S0000064,UBF8J013.1,6,0,WT,08/05/2015,
SG21,MN2PS01511A,T,T,ST11S0000064,UBFCE015.1,2,0,WT,12/06/2015,
SG21,MN2PS01511A,T,T,ST11S0000064,UBFC4046.1,15,0,WT,12/03/2015,
SG21,MN2PS01511A,T,T,ST11S0000064,UBF87005.1,4,0,WT,08/05/2015,
SG21,MN2PS01511A,T,T,ST11S0000064,UBF7C005.1,2,0,WT,07/10/2015,
SG21,MN2PS01511A,T,T,ST11S0000064,UBF2F037.1,3,0,WT,02/13/2015,
SG21,MN2WS0275CB,T,T,ST11S0000029,UBH3U032.1,1304,0,WT,03/26/2017,
SG21,MN2WS0275CB,T,T,ST11S0000029,UBH3U029.1,1800,0,WT,03/26/2017,
SG21,SNEA110140C0_SBT,A,A,ST11S0000009,UBF3Q003.1,2803,0,HD,03/26/2015,
SG21,MN2PS01511A,T,T,ST11S0000064,UBG2E961.1,15,0,WT,02/05/2016,
SG21,MN2PS01511A,T,T,ST11S0000064,UBG1K507.1,45,0,WT,01/19/2016,
SG21,MN2PS01511A,T,T,ST11S0000064,UBFC5027.1,33,0,WT,12/03/2015,
SG21,MN2PS01511A,T,T,ST11S0000064,UBFC8010.1,32,0,WT,12/06/2015,
SG21,MN2PS01511A,T,T,ST11S0000064,UBF7B020.1,2,0,WT,07/10/2015,
SG21,MN2PS01511A,T,T,ST11S0000064,UBF4O009.1,6,0,WT,04/23/2015,
SG21,MN2PS01511A,T,T,ST11S0000064,UBF5F010.1,3,0,WT,05/13/2015,
SG21,MN2PS01511A,T,T,ST11S0000064,UBFBN020.1,1,0,WT,11/19/2015,
SG21,MN2PS01511A,T,T,ST11S0000064,UBG2MALC.1,103,0,WT,02/21/2016,
SG21,MN2PS01511A,T,T,ST11S0000064,UBF3J015.1,3,0,WT,03/16/2015,
SG21,SNEA110190C0_SBT,A,A,ST11S0000013,UBF73025.1,720,0,HD,07/03/2015,
SG21,SNEA060540A0_SBT,A,A,ST11S0000013,UBF7D035.1,432,0,HD,07/13/2015,
SG21,MN2PS01511A,T,T,ST11S0000064,UBF8I005.1,7,0,WT,08/05/2015,
SG21,MN2PS01511A,T,T,ST11S0000064,UBF7F010.1,3,0,WT,07/13/2015,
SG21,MN2PS01511A,T,T,ST11S0000064,UBF7F009.1,1,0,WT,07/13/2015,
SG21,MN2PS01511A,T,T,ST11S0000064,UBF3J014.1,7,0,WT,03/16/2015,
SG21,MN2PS01511A,T,T,ST11S0000064,UBEBK010.1,3,0,WT,11/18/2014,
SG21,MN2WS0275CB,T,T,ST11S0000029,UBH3U014.1,1800,0,WT,03/26/2017,
SG21,MN2PS01511A,T,T,ST11S0000064,UBG1D437.1,1,0,WT,01/08/2016,
SG21,MN2PS01511A,T,T,ST11S0000064,UBFC5028.1,44,0,WT,12/03/2015,
SG21,CLN9705KP-V,A,A,ST49S0000030,UAFC8013.1,35854,0,WT,12/08/2015,
SG21,MN2PS01511A,T,T,ST11S0000064,UBFC5030.1,1,0,WT,12/03/2015,
SG21,MN2PS01511A,T,T,ST11S0000064,UBF4O010.1,1,0,WT,04/23/2015,
SG21,MN2PS01511A,T,T,ST11S0000064,UBEBI035.1,3,0,WT,11/15/2014,
SG21,MN2PS01511A,T,T,ST11S0000064,UBEBI034.1,8,0,WT,11/15/2014,
SG21,MN2WS0275CB,T,T,ST11S0000029,UBH3U023.1,1800,0,WT,03/26/2017,
SG21,CLN9705KP-V,A,A,ST49S0000030,UAFC8015.1,35645,0,WT,12/08/2015,
SG21,MN2PS01511A,T,T,ST11S0000064,UBG2MALB.1,18,0,WT,02/21/2016,
SG21,MN2PS01511A,T,T,ST11S0000064,UBFCE014.1,10,0,WT,12/06/2015,
SG21,MN2PS01511A,T,T,ST11S0000064,UBFBC005.1,12,0,WT,11/11/2015,
SG21,MN2PS01511A,T,T,ST11S0000064,UBF7B017.1,5,0,WT,07/10/2015,
SG21,MN2PS01511A,T,T,ST11S0000064,UBEBK009.1,11,0,WT,11/18/2014,
SG21,MN2WS0275CB,T,T,ST11S0000029,UBH3U027.1,1800,0,WT,03/26/2017,
SG21,MN2PS01511A,T,T,ST11S0000064,UBG1B553.1,1,0,WT,01/08/2016,
SG21,MN2PS01511A,T,T,ST11S0000064,UBF3J013.1,8,0,WT,03/16/2015,
SG21,MN2PS01511A,T,T,ST11S0000064,UBEC8029.1,8,0,WT,12/04/2014,
SG21,AN30297P_ASM,A,A,ST31S0000083,UCH3U031.1,1,0,AC,03/15/2017,
SG21,MN2PS01511A,T,T,ST11S0000064,UBGB2001.1,8,0,WT,02/05/2016,
SG21,MN2PS01511A,T,T,ST11S0000064,UBG2N0BX.1,67,0,WT,02/21/2016,
SG21,MN2PS01511A,T,T,ST11S0000064,UBG1K506.1,65,0,WT,01/19/2016,
SG21,MN2PS01511A,T,T,ST11S0000064,UBF8J014.1,1,0,WT,08/05/2015,
SG21,MN2WS0275CB,T,T,ST11S0000029,UBH3U015.1,1800,0,WT,03/26/2017,
SG21,MN2WS0275CB,T,T,ST11S0000029,UBH3U021.1,1800,0,WT,03/26/2017,
SG21,MN2PS01511A,T,T,ST11S0000064,UBFC4045.1,21,0,WT,12/03/2015,
SG21,MN2PS01511A,T,T,ST11S0000064,UBFBD005.1,2,0,WT,11/11/2015,
SG21,MN2WS0275CB,T,T,ST11S0000029,UBH3U013.1,1800,0,WT,03/26/2017,
SG21,SNEA110190C0_SBT,A,A,ST11S0000009,UBFA6018.1,4301,0,HD,10/06/2015,
SG21,MN2PS01511A,T,T,ST11S0000064,UBG1D436.1,2,0,WT,01/08/2016,
SG21,MN2PS01511A,T,T,ST11S0000064,UBF8C005.1,4,0,WT,08/05/2015,
SG21,MN2WS0275CB,T,T,ST11S0000029,UBH3U024.1,1800,0,WT,03/26/2017,
SG21,CLN9705KP-V,A,A,ST49S0000030,UAFC8014.1,36661,0,WT,12/08/2015,
SG21,SNEA110180C0_SBT,A,A,ST11S0000009,UBE7U003.1,4500,0,HD,07/30/2014,
SG21,MN2PS01511A,T,T,ST11S0000064,UBG19573.1,3,0,WT,01/08/2016,
SG21,MN2PS01511A,T,T,ST11S0000064,UBG19574.1,1,0,WT,01/08/2016,
SG21,MN2PS01511A,T,T,ST11S0000064,UBFC8009.1,71,0,WT,12/06/2015,
SG21,MN2PS01511A,T,T,ST11S0000064,UBF5F009.1,1,0,WT,05/13/2015,
SG21,MN2PS01511A,T,T,ST11S0000064,UBF69020.1,6,0,WT,06/07/2015,
SG21,NN30310AAVB,T,T,ST31S0000109,UCG1A849.1,1326,0,HD,01/10/2016,
SG21,CLN9705KP-V,A,A,ST49S0000030,UAFC8017.1,35441,0,WT,12/08/2015,
SG21,CLN9705KP-V,A,A,ST49S0000030,UAFC8016.1,36232,0,WT,12/08/2015,
SG21,CLN9705KP-V,A,A,ST49S0000030,UAFC8018.1,34032,0,WT,12/08/2015,
SG21,SNEA110120C0_SBT,A,A,ST11S0000009,UBF1N005.1,900,0,HD,12/21/2014,
SG21,MN2PS01511A,T,T,ST11S0000064,UBF7B019.1,1,0,WT,07/10/2015,
SG21,MN2PS01511A,T,T,ST11S0000064,UBF7B018.1,4,0,WT,07/10/2015,
SG21,MN2PS01511A,T,T,ST11S0000064,UBEC8032.1,4,0,WT,12/04/2014,
SG21,MN2WS0275CB,T,T,ST11S0000029,UBH3U030.1,1800,0,WT,03/26/2017,
SG21,AN30195P_ASM,A,A,ST31S0000080,UCG2DAOY.1,17388,0,HD,02/13/2016,
SG21,MN2PS01511A,T,T,ST11S0000064,UBFBN021.1,2,0,WT,11/19/2015,
SG21,MN2PS01511A,T,T,ST11S0000064,UBFBO017.1,1,0,WT,11/19/2015,
SG21,MN2PS01511A,T,T,ST11S0000064,UBF7E021.1,8,0,WT,07/13/2015,
SG21,MN2WS0275CB,T,T,ST11S0000029,UBH3U016.1,1800,0,WT,03/26/2017,
SG21,MN2WS0275CB,T,T,ST11S0000029,UBH3U012.1,1483,0,WT,03/26/2017,
SG21,MN2WS0275CB,T,T,ST11S0000029,UBH3U025.1,1582,0,WT,03/26/2017,
SG21,CLN9705KC-V,A,A,ST49S0000030,UAG2R194.1,36184,0,WT,02/27/2016,
SG21,SNEA110120C0_SBT,A,A,ST11S0000013,UBECL003.1,690,0,HD,12/21/2014,
SG21,MN2PS01511A,T,T,ST11S0000064,UBG2E962.1,11,0,WT,02/05/2016,
SG21,MN2PS01511A,T,T,ST11S0000064,UBG2E960.1,5,0,WT,02/05/2016,
SG21,MN2PS01511A,T,T,ST11S0000064,UBF77005.1,1,0,WT,07/05/2015,
SG21,MN2PS01511A,T,T,ST11S0000064,UBF69019.1,15,0,WT,06/07/2015,
SG21,MN2PS01511A,T,T,ST11S0000064,UBF69021.1,1,0,WT,06/07/2015,
SG21,MN2PS01511A,T,T,ST11S0000064,UBF1M005.1,1,0,WT,01/18/2015,
SG21,MN2PS01511A,T,T,ST11S0000064,UBEC8033.1,4,0,WT,12/04/2014,
SG21,MN2PS01511A,T,T,ST11S0000064,UBEC8030.1,3,0,WT,12/04/2014,
SG21,MN2WS0275CB,T,T,ST11S0000029,UBH3U031.1,1800,0,WT,03/26/2017,
SG21,MN2WS0275CB,T,T,ST11S0000029,UBH3U028.1,1800,0,WT,03/26/2017,
SG21,MN2WS0275CB,T,T,ST11S0000029,UBH3U022.1,1800,0,WT,03/26/2017,
SG21,MN34081PL,A,A,(CCD)0917,UEH3V104.1,325,0,HELD,03/13/2017,
SG21,MN34120PAJ,T,T,(CCD)0769,UEH3V085.1,101,0,RUN,03/28/2017,
SG21,MN34120PAJR,T,T,(CCD)0769,UEH3V092.1,349,0,RUN,02/26/2017,
SG21,MN34120PAJR,T,T,(CCD)0769,UEH3V093.1,1,0,RUN,02/26/2017,
